gloss,dloss,dxloss,dgzloss
0.4347040057182312,1.4753060340881348,0.6110867857933044,0.6065105199813843
